USE restaurante_sistema;

INSERT IGNORE INTO clientes (id,nombre_comercial,razon_social,nit,telefono,email,direccion,estado) VALUES (1,'Ferretería El Casero','Ferretería El Casero S.R.L.','123456789','70000001','admin@ferreteria.test','Av. Principal #100','ACTIVO');
INSERT IGNORE INTO sucursales (id,cliente_id,nombre,codigo,telefono,direccion,ciudad,zona,responsable,estado) VALUES (1,1,'Sucursal Centro','SC','70000011','Calle Comercio #10','La Paz','Centro','María Choque','ACTIVO'),(2,1,'Sucursal Norte','SN','70000012','Av. Norte #55','La Paz','Norte','Luis Mamani','ACTIVO');
INSERT IGNORE INTO almacenes (id,cliente_id,sucursal_id,nombre,codigo,direccion,ciudad,zona,responsable,estado) VALUES (1,1,NULL,'Almacén Central','AC','Zona Industrial #1','El Alto','Industrial','Pedro Quispe','ACTIVO'),(2,1,1,'Almacén Centro','ALC','Calle Comercio #12','La Paz','Centro','Rosa Nina','ACTIVO');
INSERT IGNORE INTO ubicaciones_stock (id,cliente_id,tipo_ubicacion,sucursal_id,almacen_id,nombre,estado) VALUES (1,1,'SUCURSAL',1,NULL,'Stock tienda Centro','ACTIVO'),(2,1,'SUCURSAL',2,NULL,'Stock tienda Norte','ACTIVO'),(3,1,'ALMACEN',NULL,1,'Stock almacén Central','ACTIVO'),(4,1,'ALMACEN',1,2,'Stock almacén Centro','ACTIVO');
INSERT IGNORE INTO roles (id,codigo,nombre,descripcion,nivel,estado) VALUES (1,'ADMIN_GENERAL_NEGOCIO','Administrador general del negocio','Acceso completo al cliente.',100,'ACTIVO'),(2,'ADMIN_TIENDA','Administrador de tienda','Control total sobre su sucursal.',80,'ACTIVO'),(3,'ADMIN_ALMACEN','Administrador de almacén','Movimientos de inventario sin precios.',70,'ACTIVO'),(4,'CAJERO','Cajero','Ventas, cobros y comprobantes.',50,'ACTIVO'),(5,'VENDEDOR','Vendedor','Catálogo, stock y armado de pedidos.',40,'ACTIVO');
INSERT IGNORE INTO permisos (id,codigo,modulo,accion,descripcion) VALUES (1,'productos.ver','productos','ver','Ver catálogo'),(2,'inventario.ver','inventario','ver','Ver stock'),(3,'ventas.crear_carrito','ventas','crear_carrito','Crear carrito'),(4,'ventas.confirmar','ventas','confirmar','Confirmar venta'),(5,'reportes.ver','reportes','ver','Ver reportes');
INSERT IGNORE INTO rol_permisos (rol_id,permiso_id) SELECT 1,id FROM permisos;
INSERT IGNORE INTO rol_permisos (rol_id,permiso_id) SELECT 4,id FROM permisos WHERE codigo IN ('productos.ver','inventario.ver','ventas.crear_carrito','ventas.confirmar');
INSERT IGNORE INTO rol_permisos (rol_id,permiso_id) SELECT 5,id FROM permisos WHERE codigo IN ('productos.ver','inventario.ver','ventas.crear_carrito');

-- Contraseña demo: Admin123!
SET @hash_admin='pbkdf2:sha256:1000000$ferreteria-demo-2026$4b6f20e2d0c9051973427dbc357be88712008dd91a6149d8b21efe5da32f0696';
INSERT IGNORE INTO usuarios (id,cliente_id,sucursal_id,username,password_hash,nombres,apellido_paterno,apellido_materno,edad,celular,email,estado) VALUES (1,1,1,'admin',@hash_admin,'Administrador','General','Demo',35,'70000100','admin@ferreteria.test','ACTIVO'),(2,1,1,'cajero.centro',@hash_admin,'Carla','Vargas','Lima',29,'70000101','cajero.centro@ferreteria.test','ACTIVO'),(3,1,2,'cajero.norte',@hash_admin,'Mario','Condori','Rojas',31,'70000102','cajero.norte@ferreteria.test','ACTIVO'),(4,1,1,'vendedor.centro',@hash_admin,'Sofía','Mamani','Quispe',24,'70000103','vendedor.centro@ferreteria.test','ACTIVO'),(5,1,2,'vendedor.norte',@hash_admin,'Diego','Flores','Nina',26,'70000104','vendedor.norte@ferreteria.test','ACTIVO'),(6,1,NULL,'almacen.central',@hash_admin,'Pedro','Quispe','Callisaya',42,'70000105','almacen@ferreteria.test','ACTIVO');
INSERT IGNORE INTO usuario_roles (id,cliente_id,usuario_id,rol_id,alcance,sucursal_id,almacen_id,estado) VALUES (1,1,1,1,'CLIENTE',NULL,NULL,'ACTIVO'),(2,1,2,4,'SUCURSAL',1,NULL,'ACTIVO'),(3,1,3,4,'SUCURSAL',2,NULL,'ACTIVO'),(4,1,4,5,'SUCURSAL',1,NULL,'ACTIVO'),(5,1,5,5,'SUCURSAL',2,NULL,'ACTIVO'),(6,1,6,3,'ALMACEN',NULL,1,'ACTIVO');

INSERT IGNORE INTO categorias_producto (id,cliente_id,nombre,descripcion,estado) VALUES (1,1,'Herramientas manuales','Martillos, alicates y destornilladores.','ACTIVO'),(2,1,'Fijaciones','Clavos, tornillos y tarugos.','ACTIVO'),(3,1,'Electricidad','Material eléctrico.','ACTIVO'),(4,1,'Pinturas','Pinturas y accesorios.','ACTIVO'),(5,1,'Plomería','Material de agua y desagüe.','ACTIVO');
INSERT IGNORE INTO marcas (id,cliente_id,nombre,estado) VALUES (1,1,'Stanley','ACTIVO'),(2,1,'Genérico','ACTIVO'),(3,1,'Tigre','ACTIVO'),(4,1,'Monopol','ACTIVO');
INSERT IGNORE INTO productos (id,cliente_id,categoria_id,marca_id,nombre,descripcion,codigo_producto,codigo_barras,precio_compra,unidad_base,contenido_por_caja,estado) VALUES (1,1,1,1,'Martillo uña 16 oz','Martillo de acero con mango ergonómico.','HAM-16','779000000001',38.00,'UNIDAD',12,'ACTIVO'),(2,1,1,1,'Alicate universal 8 pulgadas','Alicate para uso general.','ALI-8','779000000002',32.00,'UNIDAD',10,'ACTIVO'),(3,1,2,2,'Tornillo drywall 1 pulgada','Tornillo negro punta fina.','TOR-DW-1','779000000003',NULL,'UNIDAD',500,'ACTIVO'),(4,1,3,2,'Cable eléctrico N°12','Cable flexible por rollo/unidad.','CAB-12','779000000005',2.20,'UNIDAD',100,'ACTIVO'),(5,1,4,4,'Pintura látex blanca 1 galón','Pintura interior/exterior.','PIN-LAT-BLA','779000000007',58.00,'UNIDAD',4,'ACTIVO'),(6,1,5,3,'Tubo PVC 1/2 pulgada','Tubo PVC para agua fría.','PVC-12','779000000008',13.00,'UNIDAD',25,'ACTIVO');
INSERT IGNORE INTO producto_presentaciones (id,cliente_id,producto_id,tipo_presentacion,nombre,factor_unidad_base,estado) VALUES (1,1,1,'UNIDAD','Unidad',1,'ACTIVO'),(2,1,1,'CAJA','Caja x12',12,'ACTIVO'),(3,1,2,'UNIDAD','Unidad',1,'ACTIVO'),(4,1,3,'UNIDAD','Unidad',1,'ACTIVO'),(5,1,3,'DOCENA','Docena',12,'ACTIVO'),(6,1,3,'CAJA','Caja x500',500,'ACTIVO'),(7,1,4,'UNIDAD','Unidad',1,'ACTIVO'),(10,1,5,'UNIDAD','Galón',1,'ACTIVO'),(11,1,6,'UNIDAD','Tubo',1,'ACTIVO'),(12,1,6,'CAJA','Paquete x25',25,'ACTIVO');
INSERT IGNORE INTO producto_precios (cliente_id,producto_id,producto_presentacion_id,precio_venta_estandar,precio_minimo_venta,moneda,estado) VALUES (1,1,1,55.00,48.00,'BOB','ACTIVO'),(1,1,2,630.00,580.00,'BOB','ACTIVO'),(1,2,3,48.00,42.00,'BOB','ACTIVO'),(1,3,4,1.00,1.00,'BOB','ACTIVO'),(1,3,5,10.00,9.00,'BOB','ACTIVO'),(1,3,6,380.00,350.00,'BOB','ACTIVO'),(1,4,7,4.50,3.90,'BOB','ACTIVO'),(1,5,10,85.00,78.00,'BOB','ACTIVO'),(1,6,11,22.00,19.00,'BOB','ACTIVO'),(1,6,12,510.00,470.00,'BOB','ACTIVO');
INSERT IGNORE INTO inventarios (cliente_id,producto_id,ubicacion_stock_id,cantidad_disponible,cantidad_reservada,cantidad_minima,cantidad_maxima,updated_at) SELECT 1,p.id,u.id,CASE WHEN u.tipo_ubicacion='ALMACEN' THEN 250 ELSE 60 END,0,CASE WHEN p.id IN (3,4) THEN 100 ELSE 8 END,NULL,NOW() FROM productos p JOIN ubicaciones_stock u ON u.cliente_id=p.cliente_id WHERE p.cliente_id=1;
INSERT IGNORE INTO alertas (id,cliente_id,titulo,mensaje,tipo_alerta,prioridad,estado,fecha_inicio,created_by) VALUES (1,1,'Controlar stock bajo','Revisar productos con cantidad disponible menor o igual al mínimo.','STOCK_BAJO','ALTA','ACTIVA',NOW(),1),(2,1,'Promoción de pinturas','Verificar rebajas permitidas antes de ofrecer descuentos.','PROMOCION','MEDIA','ACTIVA',NOW(),1);
